{
  "version": "1.1.0",
  "diagrams": [
    {
      "ordinal": 0,
      "scrollPosition": {
        "x": 0,
        "y": 0
      },
      "nodes": [
        {
          "location": {
            "x": 584.70688255907362,
            "y": 392.0042195670855
          },
          "nodeIndex": "categories",
          "nodeLineageTag": "e2de2331-02bc-45d9-8237-adfcb2026dee",
          "size": {
            "height": 152,
            "width": 234
          },
          "zIndex": 0
        },
        {
          "location": {
            "x": 309.08641975308643,
            "y": 0
          },
          "nodeIndex": "customers",
          "nodeLineageTag": "9ca114ad-57e0-4a58-893f-a9670f5e375b",
          "size": {
            "height": 224,
            "width": 234
          },
          "zIndex": 0
        },
        {
          "location": {
            "x": 644.392901399066,
            "y": 1.0123456790123555
          },
          "nodeIndex": "employees",
          "nodeLineageTag": "a830507d-b2d7-4a44-8e91-8783eadc95a5",
          "size": {
            "height": 224,
            "width": 234
          },
          "zIndex": 0
        },
        {
          "location": {
            "x": 19.753086419753082,
            "y": 159.35535143613231
          },
          "nodeIndex": "orders",
          "nodeLineageTag": "7626993a-3c49-4ad0-97d1-80a3d000e1d0",
          "size": {
            "height": 272,
            "width": 234
          },
          "zIndex": 0
        },
        {
          "location": {
            "x": 947.01913913979206,
            "y": 188.61972213645731
          },
          "nodeIndex": "products",
          "nodeLineageTag": "53addd21-ea96-49a7-8dd2-a5f2cb823e58",
          "size": {
            "height": 233,
            "width": 234
          },
          "zIndex": 0
        },
        {
          "location": {
            "x": 304.96488584110972,
            "y": 390.93075222974909
          },
          "nodeIndex": "shippers",
          "nodeLineageTag": "b5f8f00a-ab9b-4ed7-8d56-e4c6b97837a1",
          "size": {
            "height": 128,
            "width": 234
          },
          "zIndex": 0
        },
        {
          "location": {
            "x": 1211.2660527200389,
            "y": 172.00210978354278
          },
          "nodeIndex": "Measure",
          "size": {
            "height": 200,
            "width": 234
          },
          "zIndex": 0
        }
      ],
      "name": "All tables",
      "zoomValue": 81,
      "pinKeyFieldsToTop": false,
      "showExtraHeaderInfo": false,
      "hideKeyFieldsWhenCollapsed": false,
      "tablesLocked": false
    }
  ],
  "selectedDiagram": "All tables",
  "defaultDiagram": "All tables"
}